"","Date","Run.Number","Start.Time","Stop.Time","Chamber","Channel","Position","Species","colony_id","Plug.ID","Site","Vol.ml","pH.mV","Temp.C","Salinity.chamber","TA.Start.Time","TA.Stop.Time","Notes","titration.run","TA","Mass","Salinity.lab","sample.type","surface.area.cm2","timepoint","Ta.norm","Ta.norm_initial_avg","delta.TA.blank","start.time","stop.time","deltaTA","timediff","umol.cm2.hr"
"1","20200909","1","12:00","13:34","1","1","4","Pocillopora","POC-386","386","3",580,-64,28.8,36.58,"12:00","13:34","","data/3_calcification/raw_files/TA_Output_20220309_Run1_PutnamTitrations_PutnamLab.csv",2266.339981,60.454,40.84,"Sample",97.5281464168657,"timepoint3",2571.03680066778,2653.2313688,2.32052312777751,2022-03-23 12:00:00,2022-03-23 13:34:00,79.8740450044443,1.56666666666667,0.155086050728263
"2","20200909","1","11:59","13:38","2","2","5","Porites","POR-353","353","3",605,-61,28.6,36.22,"11:59","13:38","","data/3_calcification/raw_files/TA_Output_20220308_Run1_PutnamTitrations_PutnamLab.csv",2303.5356210097,59.46,39.94,"Sample",14.8408265755739,"timepoint3",2555.64479730909,2653.2313688,2.32052312777751,2022-03-23 11:59:00,2022-03-23 13:38:00,95.2660483631275,1.65,1.20391861460814
"4","20200909","1","11:59","13:43","4","4","1","Porites","POR-357","357","3",595,-62.1,28.6,36.19,"11:59","13:43","","data/3_calcification/raw_files/TA_Output_20220309_Run1_PutnamTitrations_PutnamLab.csv",2293.518201,59.981,40.75,"Sample",17.9421154571026,"timepoint3",2596.13518585417,2653.2313688,2.32052312777751,2022-03-23 11:59:00,2022-03-23 13:43:00,54.7756598180558,1.73333333333333,0.536036651437632
"5","20200909","1","11:57","13:46","5","5","3","Pocillopora","POC-359","359","3",610,-62.5,28.5,36.18,"11:57","13:46","","data/3_calcification/raw_files/TA_Output_20220308_Run2_PutnamTitrations_PutnamLab.csv",2335.40505787849,59.578,40.52,"Sample",33.7440988534569,"timepoint3",2628.62813736768,2653.2313688,2.32052312777751,2022-03-23 11:57:00,2022-03-23 13:46:00,22.282708304544,1.81666666666667,0.113414965745658
"6","20200909","1","11:57","13:49","6","6","9","Pocillopora","POC-371","371","3",590,-60.9,28.5,36.05,"11:57","13:49","","data/3_calcification/raw_files/TA2021-10-15 - CSUN.csv",2272.141932,59.9766,36.21,"Sample",47.1032093431305,"timepoint3",2285.39609327,2653.2313688,2.32052312777751,2022-03-23 11:57:00,2022-03-23 13:49:00,365.514752402222,1.86666666666667,1.25454224152478
"7","20200909","1","11:58","13:53","7","7","8","Pocillopora","POC-372","372","3",600,-61.8,28.6,36.16,"11:58","13:53","","data/3_calcification/raw_files/TA_Output_20220309_Run1_PutnamTitrations_PutnamLab.csv",2299.233411,60.256,40.77,"Sample",68.9207205096877,"timepoint3",2603.8818379575,2653.2313688,2.32052312777751,2022-03-23 11:58:00,2022-03-23 13:53:00,47.029007714722,1.91666666666667,0.109261285273439
"8","20200909","1","11:58","13:56","8","8","4","Pocillopora","POC-358","358","3",600,-62.1,28.5,36.2,"11:58","13:56","","data/3_calcification/raw_files/TA_Output_20220309_Run1_PutnamTitrations_PutnamLab.csv",2300.881229,60.436,40.74,"Sample",62.4899417553475,"timepoint3",2603.83059081833,2653.2313688,2.32052312777751,2022-03-23 11:58:00,2022-03-23 13:56:00,47.0802548538886,1.96666666666667,0.117569539386579
"9","20200909","1","11:58","14:04","9","9","12","Pocillopora","POC-365","365","3",595,-59.3,28.5,36.1,"11:58","14:04","","data/3_calcification/raw_files/TA_Output_20220309_Run1_PutnamTitrations_PutnamLab.csv",2228.513116,60.359,40.84,"Sample",NA,"timepoint3",2528.12432381778,2653.2313688,2.32052312777751,2022-03-23 11:58:00,2022-03-23 14:04:00,122.786521854444,2.1,NA
"10","20200909","1","11:58","14:08","10","10","10","Pocillopora","POC-367","367","3",595,-58.8,28.4,36.12,"11:58","14:08","","data/3_calcification/raw_files/TA_Output_20220309_Run1_PutnamTitrations_PutnamLab.csv",2246.409243,60.109,40.98,"Sample",NA,"timepoint3",2557.162521615,2653.2313688,2.32052312777751,2022-03-23 11:58:00,2022-03-23 14:08:00,93.7483240572224,2.16666666666667,NA
"11","20200909","2","17:13","18:46","1","1","4","Porites","POR-355","355","3",600,-62.5,28.1,36.61,"17:13","18:46","","data/3_calcification/raw_files/TA_Output_20220308_Run2_PutnamTitrations_PutnamLab.csv",2269.82512630738,59.525,40.59,"Sample",12.8206866527445,"timepoint3",2559.22782991157,2627.32365958068,63.9150274763774,2022-03-23 17:13:00,2022-03-23 18:46:00,4.18080219273406,1.55,0.0645674336003009
"12","20200909","2","17:14","18:50","2","2","5","Porites","POR-341","341","3",605,-61.5,27.9,36.33,"17:14","18:50","","data/3_calcification/raw_files/TA_Output_20220308_Run1_PutnamTitrations_PutnamLab.csv",2221.63387592229,59.672,40.38,"Sample",22.1507402963305,"timepoint3",2491.9326641595,2627.32365958068,63.9150274763774,2022-03-23 17:14:00,2022-03-23 18:50:00,71.4759679448034,1.6,0.624098056497664
"14","20200909","2","17:14","18:58","4","4","1","Pocillopora","POC-378","378","3",610,-63.7,28.1,36.42,"17:14","18:58","","data/3_calcification/raw_files/TA_Output_20220308_Run2_PutnamTitrations_PutnamLab.csv",2264.71635910262,59.926,40.63,"Sample",44.1515604558853,"timepoint3",2555.98404639832,2627.32365958068,63.9150274763774,2022-03-23 17:14:00,2022-03-23 18:58:00,7.42458570598683,1.73333333333333,0.0302704969994313
"15","20200909","2","17:14","18:59","5","5","3","Pocillopora","POC-369","369","3",605,-63.7,28,36.42,"17:14","18:59","","data/3_calcification/raw_files/TA_Output_20220308_Run2_PutnamTitrations_PutnamLab.csv",2286.28667826044,60.163,40.5,"Sample",55.5466460205857,"timepoint3",2572.072513043,2627.32365958068,63.9150274763774,2022-03-23 17:14:00,2022-03-23 18:59:00,-8.66388093869,1.75,0
"16","20200909","2","17:15","19:02","6","6","9","Pocillopora","POC-395","395","3",600,-66.2,27.9,36.36,"17:15","19:02","","data/3_calcification/raw_files/TA_Output_20220308_Run2_PutnamTitrations_PutnamLab.csv",2315.40556459076,59.611,40.63,"Sample",48.0983153051168,"timepoint3",2613.19244692563,2627.32365958068,63.9150274763774,2022-03-23 17:15:00,2022-03-23 19:02:00,-49.7838148213227,1.78333333333333,0
"17","20200909","2","17:15","19:04","7","7","8","Porites","POR-384","384","3",605,-61.3,27.6,36.32,"17:15","19:04","","data/3_calcification/raw_files/TA_Output_20220308_Run2_PutnamTitrations_PutnamLab.csv",2277.95517206157,60.238,40.7,"Sample",17.7550654642481,"timepoint3",2575.35487508072,2627.32365958068,63.9150274763774,2022-03-23 17:15:00,2022-03-23 19:04:00,-11.9462429764144,1.81666666666667,0
"18","20200909","2","17:15","19:07","8","8","7","Porites","POR-383","383","3",600,-62,27.9,36.32,"17:15","19:07","","data/3_calcification/raw_files/TA_Output_20220308_Run1_PutnamTitrations_PutnamLab.csv",2258.89333377513,60.472,40.18,"Sample",23.0448392621754,"timepoint3",2521.17594864124,2627.32365958068,63.9150274763774,2022-03-23 17:15:00,2022-03-23 19:07:00,42.2326834630626,1.86666666666667,0.301304147769054
"19","20200909","2","17:15","19:10","9","9","12","Porites","POR-338","338","3",600,-62.7,27.6,36.33,"17:15","19:00","","data/3_calcification/raw_files/TA_Output_20220308_Run1_PutnamTitrations_PutnamLab.csv",2286.21639960329,60.178,40.61,"Sample",24.0586502234472,"timepoint3",2578.97911077471,2627.32365958068,63.9150274763774,2022-03-23 17:15:00,2022-03-23 19:00:00,-15.5704786704064,1.75,0
"20","20200909","2","17:15","19:13","10","10","10","Porites","POR-349","349","3",595,-61.6,27.7,36.28,"17:15","19:13","","data/3_calcification/raw_files/TA_Output_20220308_Run2_PutnamTitrations_PutnamLab.csv",2259.58309865433,60.468,40.66,"Sample",17.9346334573885,"timepoint3",2552.0735775357,2627.32365958068,63.9150274763774,2022-03-23 17:15:00,2022-03-23 19:13:00,11.3350545686089,1.96666666666667,0.0978054277858031
"21","20200912","3","11:25","12:58","1","1","4","Porites","POR-354","354","3",595,-60.6,27.4,36.53,"11:25","12:58","","data/3_calcification/raw_files/TA_Output_20220308_Run1_PutnamTitrations_PutnamLab.csv",2267.02904913258,59.979,39.94,"Sample",16.3634135174101,"timepoint3",2515.14278395431,2627.77186450861,262.765392856388,2022-03-23 11:25:00,2022-03-23 12:58:00,-150.13631230209,1.55,0
"22","20200912","3","11:24","13:02","2","2","5","Porites","POR-340","340","3",580,-60.8,27.6,36.35,"11:24","13:02","","data/3_calcification/raw_files/TA_Output_20220303_PutnamTitrations_PutnamLab.csv",2218.778084,59.626,40.16,"Sample",20.613189355066,"timepoint3",2475.17021815111,2627.77186450861,262.765392856388,2022-03-23 11:24:00,2022-03-23 13:02:00,-110.163746498888,1.63333333333333,0
"23","20200912","3","11:25","13:04","3","3","6","Porites","POR-387","387","3",610,-60.6,27.7,36.37,"11:25","13:04","","data/3_calcification/raw_files/TA_Output_20220303_PutnamTitrations_PutnamLab.csv",2295.438936,60.478,40.35,"Sample",NA,"timepoint3",2572.8044741,2627.77186450861,262.765392856388,2022-03-23 11:25:00,2022-03-23 13:04:00,-207.798002447777,1.65,NA
"24","20200912","3","11:25","13:07","4","4","1","Pocillopora","POC-391","391","3",600,-60.2,27.6,36.33,"11:25","13:07","","data/3_calcification/raw_files/TA_Output_20220308_Run1_PutnamTitrations_PutnamLab.csv",2319.23501875497,60.119,39.73,"Sample",43.9196184647456,"timepoint3",2559.53353597597,2627.77186450861,262.765392856388,2022-03-23 11:25:00,2022-03-23 13:07:00,-194.527064323749,1.7,0
"25","20200912","3","11:23","13:10","5","5","3","Acropora","ACR-364","364","3",590,-60.5,27.8,36.28,"11:23","13:10","","data/3_calcification/raw_files/TA2021-10-15 - CSUN.csv",2231.661695,59.9025,36.18,"Sample",49.9875202329479,"timepoint3",2242.820003475,2627.77186450861,262.765392856388,2022-03-23 11:23:00,2022-03-23 13:10:00,122.186468177223,1.78333333333333,0.413643916104924
"26","20200912","3","11:23","13:13","6","6","9","Acropora","ACR-343","343","3",590,-60.2,27.8,36.45,"11:23","13:13","","data/3_calcification/raw_files/TA_Output_20220303_PutnamTitrations_PutnamLab.csv",2333.80991,60.081,40.35,"Sample",26.3032501377021,"timepoint3",2615.81194079167,2627.77186450861,262.765392856388,2022-03-23 11:23:00,2022-03-23 13:13:00,-250.805469139444,1.83333333333333,0
"27","20200912","3","11:23","13:16","7","7","8","Porites","POR-362","362","3",595,-60.5,27.5,36.27,"11:23","13:16","","data/3_calcification/raw_files/TA_Output_20220303_PutnamTitrations_PutnamLab.csv",2265.812673,60.031,40.29,"Sample",13.0488876440271,"timepoint3",2535.8220165325,2627.77186450861,262.765392856388,2022-03-23 11:23:00,2022-03-23 13:16:00,-170.815544880277,1.88333333333333,0
"28","20200912","3","11:25","13:19","8","8","7","Porites","POR-381","381","3",580,-58.6,27.7,36.3,"11:25","13:19","","data/3_calcification/raw_files/TA_Output_20220303_PutnamTitrations_PutnamLab.csv",2145.788018,59.934,40.3,"Sample",24.7769221960087,"timepoint3",2402.09047570556,2627.77186450861,262.765392856388,2022-03-23 11:25:00,2022-03-23 13:19:00,-37.0840040533335,1.9,0
"29","20200912","3","11:23","13:21","9","9","12","Porites","POR-373","373","3",595,-61.9,27.9,36.67,"11:23","13:21","","data/3_calcification/raw_files/TA_Output_20220303_PutnamTitrations_PutnamLab.csv",2286.195536,60.173,40.26,"Sample",NA,"timepoint3",2556.72867442667,2627.77186450861,262.765392856388,2022-03-23 11:23:00,2022-03-23 13:21:00,-191.722202774444,1.96666666666667,NA
"31","20200912","4","16:20","17:52","1","1","4","Acropora","ACR-229","229","2",595,-62.7,27.1,36.73,"16:20","17:52","","data/3_calcification/raw_files/TA2021-10-21 - CSUN.csv",2330.218113,60.2157,36.26,"Sample",18.4808194365238,"timepoint3",2347.04746603833,NA,NA,2022-03-23 16:20:00,2022-03-23 17:52:00,NA,1.53333333333333,NA
"32","20200912","4","16:20","17:55","2","2","5","Pocillopora","POC-255","255","2",595,-61.8,27.1,36.49,"16:20","17:55","","data/3_calcification/raw_files/TA2021-10-20 - CSUN.csv",2328.535536,59.9063,36.13,"Sample",39.5501306316628,"timepoint3",2336.94413654667,NA,NA,2022-03-23 16:20:00,2022-03-23 17:55:00,NA,1.58333333333333,NA
"33","20200912","4","16:20","17:58","3","3","6","Pocillopora","POC-219","219","2",590,-60.6,27.1,36.28,"16:20","17:58","","data/3_calcification/raw_files/TA2021-10-15 - CSUN.csv",2313.088883,60.3524,36.16,"Sample",40.9866745767859,"timepoint3",2323.36927803555,NA,NA,2022-03-23 16:20:00,2022-03-23 17:58:00,NA,1.63333333333333,NA
"34","20200912","4","16:20","18:01","4","4","1","Pocillopora","POC-377","377","3",595,-60.6,27,36.34,"16:20","18:01","","data/3_calcification/raw_files/TA2021-10-20 - CSUN.csv",2329.504633,59.8302,36.24,"Sample",35.1507147997233,"timepoint3",2345.03466388667,NA,NA,2022-03-23 16:20:00,2022-03-23 18:01:00,NA,1.68333333333333,NA
"35","20200912","4","16:19","18:03","5","5","3","Acropora","ACR-220","220","2",590,-60.1,27,36.3,"16:19","18:03","","data/3_calcification/raw_files/TA2021-10-20 - CSUN.csv",2263.331768,59.8119,36.21,"Sample",35.8240947739997,"timepoint3",2276.53453664667,NA,NA,2022-03-23 16:19:00,2022-03-23 18:03:00,NA,1.73333333333333,NA
"36","20200912","4","16:19","18:06","6","6","9","Porites","POR-214","214","2",585,-61.3,27,36.38,"16:19","18:06","","data/3_calcification/raw_files/TA2021-10-15 - CSUN.csv",2253.585471,59.8515,36.16,"Sample",18.2526184452412,"timepoint3",2263.60140642667,NA,NA,2022-03-23 16:19:00,2022-03-23 18:06:00,NA,1.78333333333333,NA
"37","20200912","4","16:19","18:09","7","7","8","Porites","POR-209","209","2",595,-60.9,27,36.46,"16:19","18:09","","data/3_calcification/raw_files/TA2021-10-15 - CSUN.csv",2243.00126,59.9955,36.11,"Sample",16.2736295208399,"timepoint3",2249.85487496111,NA,NA,2022-03-23 16:19:00,2022-03-23 18:09:00,NA,1.83333333333333,NA
"38","20200912","4","16:19","18:11","8","8","7","Pocillopora","POC-375","375","3",595,-62.5,26.9,36.55,"16:19","18:11","","data/3_calcification/raw_files/TA2021-10-08 - CSUN.csv",2294.772188,59.6028,36.27,"Sample",63.5261987157618,"timepoint3",2311.98297941,NA,NA,2022-03-23 16:19:00,2022-03-23 18:11:00,NA,1.86666666666667,NA
"39","20200912","4","16:20","18:14","9","9","12","Pocillopora","POC-366","366","3",600,-63.3,27.1,36.42,"16:20","18:14","","data/3_calcification/raw_files/TA2021-10-21 - CSUN.csv",2339.664404,60.4108,36.2,"Sample",60.7653408212284,"timepoint3",2352.66253957778,NA,NA,2022-03-23 16:20:00,2022-03-23 18:14:00,NA,1.9,NA
"42","20200913","5","11:46","13:24","2","2","5","Pocillopora","POC-200","200","2",600,-61.5,27.8,36.56,"11:46","13:24","","data/3_calcification/raw_files/TA2021-10-20 - CSUN.csv",2316.281042,60.5494,36.2,"Sample",58.6404529024005,"timepoint3",2329.14927001111,2367.88114277361,-15.3373572652777,2022-03-23 11:46:00,2022-03-23 13:24:00,54.0692300277778,1.63333333333333,0.173250673792736
"43","20200913","5","11:46","13:27","3","3","6","Acropora","ACR-210","210","2",605,-58.5,27.7,36.27,"11:46","13:27","","data/3_calcification/raw_files/TA2021-10-15 - CSUN.csv",2266.667393,59.7542,36.16,"Sample",25.7795101577092,"timepoint3",2276.74147030222,2367.88114277361,-15.3373572652777,2022-03-23 11:46:00,2022-03-23 13:27:00,106.477029736667,1.68333333333333,0.759297825215213
"44","20200913","5","11:47","13:29","4","4","1","Porites","POR-240","240","2",590,-59.8,27.6,36.28,"11:47","13:29","",NA,NA,NA,NA,"Sample",30.4632419787877,"timepoint3",NA,2367.88114277361,-15.3373572652777,2022-03-23 11:47:00,2022-03-23 13:29:00,NA,1.7,NA
"45","20200913","5","11:44","13:32","5","5","3","Acropora","ACR-241","241","2",610,-58.7,27.5,36.28,"11:44","13:32","","data/3_calcification/raw_files/TA2021-10-21 - CSUN.csv",2317.16678,60.2639,36.14,"Sample",21.9599493036189,"timepoint3",2326.17798414444,2367.88114277361,-15.3373572652777,2022-03-23 11:44:00,2022-03-23 13:32:00,57.0405158944445,1.8,0.450251407959312
"46","20200913","5","11:44","13:35","6","6","9","Pocillopora","POC-222","222","2",595,-63,27.6,36.35,"11:44","13:35","","data/3_calcification/raw_files/TA2021-10-15 - CSUN.csv",2291.329002,60.0259,36.09,"Sample",53.3207511056165,"timepoint3",2297.057324505,2367.88114277361,-15.3373572652777,2022-03-23 11:44:00,2022-03-23 13:35:00,86.161175533889,1.85,0.265831371831119
"47","20200913","5","11:44","13:37","7","7","8","Pocillopora","POC-201","201","2",590,-60.8,27.7,36.47,"11:44","13:37","","data/3_calcification/raw_files/TA2021-10-08 - CSUN.csv",2280.256594,59.9221,36.13,"Sample",63.1969907283379,"timepoint3",2288.49085392278,2367.88114277361,-15.3373572652777,2022-03-23 11:44:00,2022-03-23 13:37:00,94.7276461161109,1.88333333333333,0.24018772211703
"48","20200913","5","11:44","13:39","8","8","7","Porites","POR-245","245","2",595,-57.4,27.5,36.47,"11:44","13:39","","data/3_calcification/raw_files/TA2021-10-15 - CSUN.csv",2187.665068,60.0428,36.19,"Sample",28.2747570623892,"timepoint3",2199.21107808111,2367.88114277361,-15.3373572652777,2022-03-23 11:44:00,2022-03-23 13:39:00,184.007421957778,1.91666666666667,1.03336196483823
"49","20200913","5","11:46","13:42","9","9","12","Acropora","ACR-244","244","2",605,-58,27.7,36.5,"11:46","13:42","","data/3_calcification/raw_files/TA2021-10-21 - CSUN.csv",2305.212129,60.1405,36.14,"Sample",18.9970774168024,"timepoint3",2314.176842835,2367.88114277361,-15.3373572652777,2022-03-23 11:46:00,2022-03-23 13:42:00,69.0416572038889,1.93333333333333,0.581726286158262
"50","20200913","5","11:46","13:44","10","10","10","Porites","POR-242","242","2",580,-54.4,27.6,36.48,"11:46","13:44","","data/3_calcification/raw_files/TA2021-10-08 - CSUN.csv",2063.666682,59.8281,36.29,"Sample",28.3159080608172,"timepoint3",2080.290663605,2367.88114277361,-15.3373572652777,2022-03-23 11:46:00,2022-03-23 13:44:00,302.927836433889,1.96666666666667,1.61380688584662
"52","20200913","6","16:31","18:04","2","2","5","Porites","POR-251","251","2",600,-61.1,26.8,36.49,"16:31","18:04","","data/3_calcification/raw_files/TA2021-10-21 - CSUN.csv",2215.543527,59.5779,36.2,"Sample",28.9855470352366,"timepoint3",2227.85210215,2344.74600849694,-24.1583974747227,2022-03-23 16:31:00,2022-03-23 18:04:00,141.052303821667,1.55,0.96352696475725
"53","20200913","6","16:32","18:07","3","3","6","Porites","POR-262","262","2",610,-59.9,26.8,36.27,"16:32","18:07","","data/3_calcification/raw_files/TA2021-10-15 - CSUN.csv",2309.143829,60.1321,36.13,"Sample",10.6097557372035,"timepoint3",2317.48240393806,2344.74600849694,-24.1583974747227,2022-03-23 16:32:00,2022-03-23 18:07:00,51.4220020336111,1.58333333333333,0.955095313085949
"54","20200913","6","16:30","18:10","4","4","1","Porites","POR-253","253","2",600,-58.6,26.9,36.28,"16:30","18:10","","data/3_calcification/raw_files/TA2021-10-08 - CSUN.csv",2288.573398,59.8592,36.26,"Sample",19.2514654070847,"timepoint3",2305.10198365222,2344.74600849694,-24.1583974747227,2022-03-23 16:30:00,2022-03-23 18:10:00,63.8024223194448,1.66666666666667,0.610269285868442
"55","20200913","6","16:31","18:12","5","5","3","Pocillopora","POC-205","205","2",605,-59.2,26.9,36.29,"16:31","18:12","","data/3_calcification/raw_files/TA2021-10-21 - CSUN.csv",2347.324095,59.7517,36.2,"Sample",24.2457002163017,"timepoint3",2360.36478441667,2344.74600849694,-24.1583974747227,2022-03-23 16:31:00,2022-03-23 18:12:00,8.53962155500039,1.68333333333333,0.0647492560697193
"56","20200913","6","16:30","18:15","6","6","9","Acropora","ACR-265","265","2",595,-59.5,26.7,36.51,"16:30","18:15","","data/3_calcification/raw_files/TA2021-10-15 - CSUN.csv",2311.92624,60.3983,35.96,"Sample",14.683704581576,"timepoint3",2309.35743306667,2344.74600849694,-24.1583974747227,2022-03-23 16:30:00,2022-03-23 18:15:00,59.5469729050005,1.75,0.705258948814751
"57","20200913","6","16:30","18:17","7","7","8","Pocillopora","POC-239","239","2",605,-60.6,26.8,36.49,"16:30","18:17","","data/3_calcification/raw_files/TA2021-10-08 - CSUN.csv",2331.014147,59.6093,36.22,"Sample",49.7181682432373,"timepoint3",2345.25923345389,2344.74600849694,-24.1583974747227,2022-03-23 16:30:00,2022-03-23 18:17:00,23.6451725177785,1.78333333333333,0.0825269609969756
"58","20200913","6","16:30","18:20","8","8","7","Acropora","ACR-213","213","2",605,-57.7,26.6,36.55,"16:30","18:20","","data/3_calcification/raw_files/TA2021-10-08 - CSUN.csv",2319.038025,59.7731,36.3,"Sample",19.5432633959378,"timepoint3",2338.363341875,2344.74600849694,-24.1583974747227,2022-03-23 16:30:00,2022-03-23 18:20:00,30.5410640966675,1.83333333333333,0.263782911264888
"59","20200913","6","16:30","18:23","9","9","12","Porites","POR-221","221","2",605,-58.8,26.7,36.54,"16:30","18:23","","data/3_calcification/raw_files/TA2021-10-21 - CSUN.csv",2280.654954,60.2386,36.13,"Sample",20.493477359639,"timepoint3",2288.890652445,2344.74600849694,-24.1583974747227,2022-03-23 16:30:00,2022-03-23 18:23:00,80.0137535266667,1.88333333333333,0.641538622630817
"60","20200913","6","16:31","18:26","10","10","10","Pocillopora","POC-248","248","2",600,-58.1,26.7,36.4,"16:31","18:26","","data/3_calcification/raw_files/TA2021-10-08 - CSUN.csv",2337.567696,59.9144,36.19,"Sample",34.3463998304486,"timepoint3",2349.90485884,2344.74600849694,-24.1583974747227,2022-03-23 16:31:00,2022-03-23 18:26:00,18.999547131667,1.91666666666667,0.0885752377085004
"62","20200914","7","11:12","12:47","2","2","5","Pocillopora","POC-238","238","2",605,-58.2,28.7,36.41,"11:12","12:47","","data/3_calcification/raw_files/TA2021-10-08 - CSUN.csv",2326.910623,60.0789,36.1,"Sample",33.4148908660329,"timepoint3",2333.37426361944,2340.55934972819,-4.23070923513933,2022-03-23 11:12:00,2022-03-23 12:47:00,11.4157953438889,1.58333333333333,0.0667720615646575
"63","20200914","7","11:11","12:50","3","3","6","Porites","POR-224","224","2",605,-58.7,28.5,36.38,"11:11","12:50","","data/3_calcification/raw_files/TA2021-10-08 - CSUN.csv",2292.690905,60.4517,36.03,"Sample",12.1697526776106,"timepoint3",2294.60148075417,2340.55934972819,-4.23070923513933,2022-03-23 11:11:00,2022-03-23 12:50:00,50.1885782091667,1.65,0.773464185549689
"64","20200914","7","11:11","12:52","4","4","1","Porites","POR-216","216","2",600,-57.1,28.6,36.16,"11:11","12:52","","data/3_calcification/raw_files/TA2021-10-20 - CSUN.csv",2249.790023,60.0695,36.11,"Sample",15.7498895408471,"timepoint3",2256.66438140361,2340.55934972819,-4.23070923513933,2022-03-23 11:11:00,2022-03-23 12:52:00,88.1256775597226,1.68333333333333,1.02012107964009
"65","20200914","7","11:10","12:55","5","5","3","Pocillopora","POC-259","259","2",600,-60.6,28.7,36.42,"11:10","12:55","","data/3_calcification/raw_files/TA2021-10-21 - CSUN.csv",2335.428748,59.7525,36.09,"Sample",32.9210788848968,"timepoint3",2341.26731987,2340.55934972819,-4.23070923513933,2022-03-23 11:10:00,2022-03-23 12:55:00,3.52273909333371,1.75,0.0187657211795016
"66","20200914","7","11:12","12:57","6","6","9","Acropora","ACR-237","237","2",605,-58.4,28.8,36.51,"11:12","12:57","","data/3_calcification/raw_files/TA2021-10-15 - CSUN.csv",2263.221452,60.2248,36.08,"Sample",22.1544812961876,"timepoint3",2268.25083300444,2340.55934972819,-4.23070923513933,2022-03-23 11:12:00,2022-03-23 12:57:00,76.5392259588889,1.75,0.610921548054574
"67","20200914","7","11:12","12:59","7","7","8","Acropora","ACR-225","225","2",610,-57.3,28.7,36.41,"11:12","12:59","","data/3_calcification/raw_files/TA2021-10-08 - CSUN.csv",2315.556525,59.8001,36.09,"Sample",12.9104706493147,"timepoint3",2321.3454163125,2340.55934972819,-4.23070923513933,2022-03-23 11:12:00,2022-03-23 12:59:00,23.4446426508334,1.78333333333333,0.317719952215168
"68","20200914","7","11:10","13:02","8","8","7","Porites","POR-260","260","2",600,-58.3,28.7,36.5,"11:10","13:02","","data/3_calcification/raw_files/TA2021-10-15 - CSUN.csv",2216.004333,59.9607,35.93,"Sample",27.3993630958298,"timepoint3",2211.69543568583,2340.55934972819,-4.23070923513933,2022-03-23 11:10:00,2022-03-23 13:02:00,133.0946232775,1.86666666666667,0.798638348056067
"69","20200914","7","11:10","13:05","9","9","12","Pocillopora","POC-257","257","2",605,-61,28.8,36.49,"11:10","13:05","","data/3_calcification/raw_files/TA2021-10-15 - CSUN.csv",2266.5213,60.0345,36.05,"Sample",50.8891011985069,"timepoint3",2269.66924625,2340.55934972819,-4.23070923513933,2022-03-23 11:10:00,2022-03-23 13:05:00,75.1208127133341,1.91666666666667,0.238336150256953
"70","20200914","7","11:10","13:07","10","10","10","Acropora","ACR-218","210","2",590,-55.3,28.5,36.46,"11:10","13:07","","data/3_calcification/raw_files/TA2021-10-20 - CSUN.csv",2263.035496,60.2002,36.12,"Sample",28.8920220388093,"timepoint3",2270.57894765333,2340.55934972819,-4.23070923513933,2022-03-23 11:10:00,2022-03-23 13:07:00,74.2111113100004,1.95,0.397515471289924
"72","20200914","8","15:59","17:37","2","2","5","Acropora","ACR-175","175","1",610,-60.2,27.4,36.34,"15:59","17:37","","data/3_calcification/raw_files/TA2021-10-20 - CSUN.csv",2324.283355,59.5282,36.19,"Sample",18.7090204278064,"timepoint3",2336.55040604028,2360.015740735,26.4032155972222,2022-03-23 15:59:00,2022-03-23 17:37:00,-2.93788090250018,1.63333333333333,0
"73","20200914","8","16:00","17:40","3","3","6","Acropora","ACR-150","150","1",615,-59.7,27.5,36.92,"16:00","17:40","","data/3_calcification/raw_files/TA2021-10-08 - CSUN.csv",2302.140931,60.1609,36.18,"Sample",32.4983459010454,"timepoint3",2313.651635655,2360.015740735,26.4032155972222,2022-03-23 16:00:00,2022-03-23 17:40:00,19.9608894827775,1.66666666666667,0.115928612353511
"74","20200914","8","15:59","17:42","4","4","1","Pocillopora","POC-207","207","2",605,-60.2,27.5,36.39,"15:59","17:42","","data/3_calcification/raw_files/TA2021-10-20 - CSUN.csv",2334.990676,59.5757,36.19,"Sample",33.1118698776085,"timepoint3",2347.31423790111,2360.015740735,26.4032155972222,2022-03-23 15:59:00,2022-03-23 17:42:00,-13.701712763333,1.71666666666667,0
"75","20200914","8","16:00","17:44","5","5","3","Pocillopora","POC-57","57","1",600,-59.2,27.6,36.45,"16:00","17:44","","data/3_calcification/raw_files/TA2021-10-21 - CSUN.csv",2342.115279,60.3579,36.19,"Sample",42.2548735283399,"timepoint3",2354.4764429725,2360.015740735,26.4032155972222,2022-03-23 16:00:00,2022-03-23 17:44:00,-20.8639178347225,1.73333333333333,0
"76","20200914","8","16:01","17:46","6","6","9","Pocillopora","POC-45","45","1",595,-59.3,27.5,36.54,"16:01","17:46","","data/3_calcification/raw_files/TA2021-10-08 - CSUN.csv",2313.63544,59.5629,36.16,"Sample",65.4528136421639,"timepoint3",2323.91826417778,2360.015740735,26.4032155972222,2022-03-23 16:01:00,2022-03-23 17:46:00,9.69426096000007,1.75,0.0257579289527678
"77","20200914","8","15:59","17:48","7","7","8","Porites","POR-80","80","1",600,-61.2,27.4,36.56,"15:59","17:48","","data/3_calcification/raw_files/TA2021-10-08 - CSUN.csv",2300.963852,59.7662,36.11,"Sample",26.9092921145509,"timepoint3",2307.99457488111,2360.015740735,26.4032155972222,2022-03-23 15:59:00,2022-03-23 17:48:00,25.6179502566665,1.81666666666667,0.160828771915944
"78","20200914","8","15:59","17:51","8","8","7","Pocillopora","POC-254","254","2",600,-59,27.4,36.27,"15:59","17:51","","data/3_calcification/raw_files/TA2021-10-15 - CSUN.csv",2287.649033,59.7061,36.13,"Sample",53.6873690916114,"timepoint3",2295.90998784139,2360.015740735,26.4032155972222,2022-03-23 15:59:00,2022-03-23 17:51:00,37.7025372963885,1.86666666666667,0.115459207485203
"79","20200914","8","16:01","17:54","9","9","12","Porites","POR-81","81","1",590,-59.2,27.4,36.27,"16:01","17:54","","data/3_calcification/raw_files/TA2021-10-20 - CSUN.csv",2264.843065,60.2914,36.25,"Sample",16.9694554942589,"timepoint3",2280.57114184028,2360.015740735,26.4032155972222,2022-03-23 16:01:00,2022-03-23 17:54:00,53.0413832975,1.88333333333333,0.500861201740472
"80","20200914","8","16:01","17:57","10","10","10","Porites","POR-76","76","1",590,-60.4,27.3,36.51,"16:01","17:57","","data/3_calcification/raw_files/TA2021-10-15 - CSUN.csv",2226.91548,60.4601,36.14,"Sample",13.6250016220192,"timepoint3",2235.57570686667,2360.015740735,26.4032155972222,2022-03-23 16:01:00,2022-03-23 17:57:00,98.0368182711109,1.93333333333333,1.12316498626295
"82","20200915","9","11:11","12:49","2","2","5","Pocillopora","POC-48","48","1",590,-59.9,28,36.68,"11:11","12:49","","data/3_calcification/raw_files/TA2021-10-21 - CSUN.csv",2328.735381,59.6577,36.17,"Sample",65.9166976244432,"timepoint3",2339.73218696583,2369.81173734875,7.14021700152807,2022-03-23 11:11:00,2022-03-23 12:49:00,22.9393333813887,1.63333333333333,0.0642995859120307
"83","20200915","9","11:11","12:52","3","3","6","Pocillopora","POC-52","52","1",595,-60.7,27.9,36.64,"11:11","12:52","","data/3_calcification/raw_files/TA2021-10-15 - CSUN.csv",2302.834261,59.8449,36.14,"Sample",54.9181580445944,"timepoint3",2311.78972757056,2369.81173734875,7.14021700152807,2022-03-23 11:11:00,2022-03-23 12:52:00,50.8817927766663,1.68333333333333,0.167509299593035
"84","20200915","9","11:13","12:54","4","4","1","Pocillopora","POC-55","55","1",595,-59.1,27.9,36.77,"11:13","12:54","","data/3_calcification/raw_files/TA2021-10-08 - CSUN.csv",2330.806461,59.8678,36.17,"Sample",41.3308465636384,"timepoint3",2341.81304706583,2369.81173734875,7.14021700152807,2022-03-23 11:13:00,2022-03-23 12:54:00,20.8584732813883,1.68333333333333,0.0912432396850154
"85","20200915","9","11:13","12:57","5","5","3","Pocillopora","POC-40","40","1",595,-59,27.9,36.49,"11:13","12:57","","data/3_calcification/raw_files/TA2021-10-15 - CSUN.csv",2304.699197,59.6919,36.17,"Sample",79.0438661229771,"timepoint3",2315.58249876361,2369.81173734875,7.14021700152807,2022-03-23 11:13:00,2022-03-23 12:57:00,47.0890215836112,1.73333333333333,0.104600077834874
"86","20200915","9","11:12","12:59","6","6","9","Pocillopora","POC-43","43","1",590,-59.5,27.9,36.5,"11:12","12:59","","data/3_calcification/raw_files/TA2021-10-20 - CSUN.csv",2338.907204,59.7265,36.25,"Sample",44.4695454437381,"timepoint3",2355.14961513889,2369.81173734875,7.14021700152807,2022-03-23 11:12:00,2022-03-23 12:59:00,7.52190520833346,1.78333333333333,0.0286239976962472
"87","20200915","9","11:12","13:02","7","7","8","Pocillopora","POC-44","44","1",600,-58,27.9,36.4,"11:12","13:02","","data/3_calcification/raw_files/TA2021-10-08 - CSUN.csv",2345.213476,59.5399,36.25,"Sample",38.3829386762503,"timepoint3",2361.49968069444,2369.81173734875,7.14021700152807,2022-03-23 11:12:00,2022-03-23 13:02:00,1.17183965277763,1.83333333333333,0.00511075922376822
"88","20200915","9","11:11","13:04","8","8","7","Pocillopora","POC-68","68","1",600,-57.4,27.9,36.5,"11:11","13:04","","data/3_calcification/raw_files/TA2021-10-20 - CSUN.csv",2316.764036,60.1294,36.23,"Sample",36.6620787419882,"timepoint3",2331.56558400778,2369.81173734875,7.14021700152807,2022-03-23 11:11:00,2022-03-23 13:04:00,31.1059363394447,1.88333333333333,0.138259788544386
"89","20200915","9","11:11","13:07","9","9","12","Pocillopora","POC-53","53","1",590,-56.5,28,36.27,"11:11","13:07","","data/3_calcification/raw_files/TA2021-10-08 - CSUN.csv",2300.858438,60.0902,36.09,"Sample",89.0585227404109,"timepoint3",2306.610584095,2369.81173734875,7.14021700152807,2022-03-23 11:11:00,2022-03-23 13:07:00,56.0609362522218,1.93333333333333,0.0982597761307179
"90","20200915","9","11:12","13:09","10","10","10","Pocillopora","POC-42","42","1",600,-58.9,27.9,36.62,"11:12","13:09","","data/3_calcification/raw_files/TA2021-10-20 - CSUN.csv",2351.202277,59.655,36.13,"Sample",28.9182090378089,"timepoint3",2359.69272966694,2369.81173734875,7.14021700152807,2022-03-23 11:12:00,2022-03-23 13:09:00,2.97879068027805,1.95,0.016211786314771
"92","20200915","10","16:01","17:37","2","2","5","Acropora","ACR-186","186","1",605,-59.9,27.2,36.76,"16:01","17:37","","data/3_calcification/raw_files/TA2021-10-21 - CSUN.csv",2302.76799,59.9428,36.2,"Sample",45.3561624098688,"timepoint3",2315.5611455,2375.70148308556,11.3759727897223,2022-03-23 16:01:00,2022-03-23 17:37:00,48.7643647958334,1.6,0.207944433802054
"93","20200915","10","16:00","17:39","3","3","6","Acropora","ACR-178","178","1",600,-59.2,27.3,36.53,"16:00","17:39","","data/3_calcification/raw_files/TA2021-10-20 - CSUN.csv",2282.768175,59.5835,36.21,"Sample",38.8056716601016,"timepoint3",2296.0843226875,2375.70148308556,11.3759727897223,2022-03-23 16:00:00,2022-03-23 17:39:00,68.2411876083329,1.65,0.327087777434353
"94","20200915","10","16:00","17:41","4","4","1","Acropora","ACR-190","190","1",610,-59.7,27.1,36.31,"16:00","17:41","","data/3_calcification/raw_files/TA2021-10-08 - CSUN.csv",2318.414899,59.5506,36.27,"Sample",23.1308822588885,"timepoint3",2335.8030107425,2375.70148308556,11.3759727897223,2022-03-23 16:00:00,2022-03-23 17:41:00,28.5224995533331,1.68333333333333,0.228560266468904
"95","20200915","10","16:02","17:43","5","5","3","Acropora","ACR-139","139","1",605,-59.1,27.2,36.66,"16:02","17:43","","data/3_calcification/raw_files/TA2021-10-15 - CSUN.csv",2300.485303,60.1274,36.13,"Sample",34.2528748340213,"timepoint3",2308.79261103861,2375.70148308556,11.3759727897223,2022-03-23 16:02:00,2022-03-23 17:43:00,55.5328992572222,1.68333333333333,0.29804662571973
"96","20200915","10","16:03","17:45","6","6","9","Porites","POR-75","75","1",600,-59.9,27.1,36.57,"16:03","17:45","","data/3_calcification/raw_files/TA2021-10-15 - CSUN.csv",2266.897615,59.9771,36.17,"Sample",17.0255704921153,"timepoint3",2277.60240929306,2375.70148308556,11.3759727897223,2022-03-23 16:03:00,2022-03-23 17:45:00,86.7231010027781,1.7,0.919562161966507
"97","20200915","10","16:00","17:48","7","7","8","Porites","POR-72","72","1",605,-60.2,27.1,36.49,"16:00","17:48","","data/3_calcification/raw_files/TA2021-10-08 - CSUN.csv",2292.239515,60.02,36.15,"Sample",16.0229825304148,"timepoint3",2301.79051297917,2375.70148308556,11.3759727897223,2022-03-23 16:00:00,2022-03-23 17:48:00,62.5349973166662,1.8,0.670978004923327
"98","20200915","10","16:00","17:50","8","8","7","Porites","POR-83","83","1",600,-59.1,27.1,36.74,"16:00","17:50","","data/3_calcification/raw_files/TA2021-10-08 - CSUN.csv",2259.309816,59.7957,36.27,"Sample",20.7927573482063,"timepoint3",2276.25463962,2375.70148308556,11.3759727897223,2022-03-23 16:00:00,2022-03-23 17:50:00,88.0708706758332,1.83333333333333,0.70904803553658
"99","20200915","10","16:02","17:52","9","9","12","Porites","POR-79","79","1",595,-59.6,27.1,36.28,"16:02","17:52","","data/3_calcification/raw_files/TA2021-10-08 - CSUN.csv",2259.507957,59.8509,36.04,"Sample",17.6465764683924,"timepoint3",2262.01852139667,2375.70148308556,11.3759727897223,2022-03-23 16:02:00,2022-03-23 17:52:00,102.306988899167,1.83333333333333,0.962423035574408
"100","20200915","10","16:02","17:54","10","10","10","Pocillopora","POC-47","47","1",595,-59.7,27.1,36.51,"16:02","17:54","","data/3_calcification/raw_files/TA2021-10-08 - CSUN.csv",2347.515624,60.3074,36.19,"Sample",37.3391997161218,"timepoint3",2359.90528979333,2375.70148308556,11.3759727897223,2022-03-23 16:02:00,2022-03-23 17:54:00,4.42022050249989,1.86666666666667,0.0193007755614599
"101","20200916","11","10:54","12:28","1","1","4","Porites","POR-69","69","1",595,-58.9,28,36.57,"10:54","12:28","","data/3_calcification/raw_files/TA2021-10-08 - CSUN.csv",2201.070866,59.8883,36.2,"Sample",21.3987993250552,"timepoint3",2213.29903747778,2360.31158317,-3.32925447611115,2022-03-23 10:54:00,2022-03-23 12:28:00,150.341800168333,1.56666666666667,1.36482302529928
"102","20200916","11","10:53","12:30","2","2","5","Porites","POR-73","73","1",600,-59.7,28.2,36.34,"10:53","12:30","","data/3_calcification/raw_files/TA2021-10-21 - CSUN.csv",2273.030045,60.1943,36.22,"Sample",17.4108934773957,"timepoint3",2286.92078416389,2360.31158317,-3.32925447611115,2022-03-23 10:53:00,2022-03-23 12:30:00,76.7200534822223,1.61666666666667,0.83649672122502
"103","20200916","11","10:53","12:32","3","3","6","Acropora","ACR-173","173","1",605,-58.4,28,36.2,"10:53","12:32","","data/3_calcification/raw_files/TA2021-10-21 - CSUN.csv",2287.242133,59.8397,36.07,"Sample",41.4468175592083,"timepoint3",2291.68954825861,2360.31158317,-3.32925447611115,2022-03-23 10:53:00,2022-03-23 12:32:00,71.9512893874994,1.65,0.325585053794497
"105","20200916","11","10:54","12:37","5","5","3","Porites","POR-82","82","1",600,-58.5,28,36.5,"10:54","12:37","","data/3_calcification/raw_files/TA2021-10-21 - CSUN.csv",2242.789732,60.3408,36.18,"Sample",15.4618325518511,"timepoint3",2254.00368066,2360.31158317,-3.32925447611115,2022-03-23 10:54:00,2022-03-23 12:37:00,109.637156986111,1.71666666666667,1.26767438149292
"106","20200916","11","10:54","12:39","6","6","9","Porites","POR-74","74","1",595,-56.4,27.9,36.48,"10:54","12:39","","data/3_calcification/raw_files/TA2021-10-08 - CSUN.csv",2243.620338,60.0087,36.16,"Sample",15.869601536274,"timepoint3",2253.59198394667,2360.31158317,-3.32925447611115,2022-03-23 10:54:00,2022-03-23 12:39:00,110.048853699444,1.75,1.20599096978738
"107","20200916","11","10:54","12:41","7","7","8","Porites","POR-70","70","1",590,-58.8,28.1,36.43,"10:54","12:41","","data/3_calcification/raw_files/TA2021-10-15 - CSUN.csv",2293.70258,60.0661,36.13,"Sample",23.2206662554586,"timepoint3",2301.98539487222,2360.31158317,-3.32925447611115,2022-03-23 10:54:00,2022-03-23 12:41:00,61.6554427738884,1.78333333333333,0.449326328284652
"108","20200916","11","10:53","12:43","8","8","7","Porites","POR-71","71","1",600,-55.9,27.9,36.37,"10:53","12:43","","data/3_calcification/raw_files/TA2021-10-21 - CSUN.csv",2271.170088,59.9535,36.03,"Sample",16.9432684952592,"timepoint3",2273.06272974,2360.31158317,-3.32925447611115,2022-03-23 10:53:00,2022-03-23 12:43:00,90.5781079061107,1.83333333333333,0.894914417942767
"109","20200916","11","10:53","12:45","9","9","12","Acropora","ACR-140","140","1",605,-56.4,27.9,36.37,"10:53","12:45","","data/3_calcification/raw_files/TA2021-10-21 - CSUN.csv",2344.318958,59.8587,36.12,"Sample",24.3728942114429,"timepoint3",2352.13335452667,2360.31158317,-3.32925447611115,2022-03-23 10:53:00,2022-03-23 12:45:00,11.5074831194447,1.86666666666667,0.078272189674156
"110","20200916","11","10:54","12:47","10","10","10","Acropora","ACR-143","143","1",600,-55.8,27.9,36.52,"10:54","12:47","","data/3_calcification/raw_files/TA2021-10-15 - CSUN.csv",2309.474943,59.7765,36.16,"Sample",NA,"timepoint3",2319.73927608,2360.31158317,-3.32925447611115,2022-03-23 10:54:00,2022-03-23 12:47:00,43.901561566111,1.88333333333333,NA
